CREATE TABLE pizza_sales (
  sale_id INT,
  pizza_type VARCHAR(255),
  quantity INT,
  customer_id INT
);

INSERT INTO pizza_sales VALUES (1, 'BBQ Chicken', 2, 43);
INSERT INTO pizza_sales VALUES (2, 'Pepperoni', 4, 11);
INSERT INTO pizza_sales VALUES (3, 'Margherita', 4, 79);
INSERT INTO pizza_sales VALUES (4, 'Margherita', 4, 30);
INSERT INTO pizza_sales VALUES (5, 'BBQ Chicken', 4, 64);
INSERT INTO pizza_sales VALUES (6, 'Veggie', 5, 95);
INSERT INTO pizza_sales VALUES (7, 'Margherita', 2, 58);
INSERT INTO pizza_sales VALUES (8, 'BBQ Chicken', 3, 26);
INSERT INTO pizza_sales VALUES (9, 'Margherita', 4, 96);
INSERT INTO pizza_sales VALUES (10, 'Hawaiian', 3, 40);
INSERT INTO pizza_sales VALUES (11, 'Pepperoni', 1, 73);
INSERT INTO pizza_sales VALUES (12, 'BBQ Chicken', 3, 92);
INSERT INTO pizza_sales VALUES (13, 'Veggie', 2, 92);
INSERT INTO pizza_sales VALUES (14, 'BBQ Chicken', 1, 59);
INSERT INTO pizza_sales VALUES (15, 'Margherita', 1, 19);
INSERT INTO pizza_sales VALUES (16, 'Pepperoni', 2, 65);
INSERT INTO pizza_sales VALUES (17, 'Veggie', 4, 65);
INSERT INTO pizza_sales VALUES (18, 'Margherita', 2, 12);
INSERT INTO pizza_sales VALUES (19, 'Hawaiian', 5, 30);
INSERT INTO pizza_sales VALUES (20, 'Pepperoni', 4, 43);
INSERT INTO pizza_sales VALUES (21, 'Hawaiian', 1, 92);
INSERT INTO pizza_sales VALUES (22, 'Veggie', 5, 31);
INSERT INTO pizza_sales VALUES (23, 'Pepperoni', 5, 44);
INSERT INTO pizza_sales VALUES (24, 'Margherita', 1, 32);
INSERT INTO pizza_sales VALUES (25, 'BBQ Chicken', 5, 29);
INSERT INTO pizza_sales VALUES (26, 'Margherita', 2, 42);
INSERT INTO pizza_sales VALUES (27, 'Veggie', 2, 51);
INSERT INTO pizza_sales VALUES (28, 'Hawaiian', 3, 8);
INSERT INTO pizza_sales VALUES (29, 'Veggie', 4, 5);
INSERT INTO pizza_sales VALUES (30, 'Veggie', 2, 37);
INSERT INTO pizza_sales VALUES (31, 'Veggie', 4, 52);
INSERT INTO pizza_sales VALUES (32, 'Margherita', 4, 86);
INSERT INTO pizza_sales VALUES (33, 'Margherita', 2, 71);
INSERT INTO pizza_sales VALUES (34, 'Margherita', 4, 46);
INSERT INTO pizza_sales VALUES (35, 'Margherita', 2, 43);
INSERT INTO pizza_sales VALUES (36, 'Hawaiian', 5, 28);
INSERT INTO pizza_sales VALUES (37, 'Margherita', 3, 2);
INSERT INTO pizza_sales VALUES (38, 'Margherita', 4, 84);
INSERT INTO pizza_sales VALUES (39, 'Hawaiian', 3, 29);
INSERT INTO pizza_sales VALUES (40, 'BBQ Chicken', 2, 38);
INSERT INTO pizza_sales VALUES (41, 'Hawaiian', 4, 48);
INSERT INTO pizza_sales VALUES (42, 'Hawaiian', 4, 46);
INSERT INTO pizza_sales VALUES (43, 'Pepperoni', 3, 71);
INSERT INTO pizza_sales VALUES (44, 'Hawaiian', 3, 71);
INSERT INTO pizza_sales VALUES (45, 'Margherita', 5, 13);
INSERT INTO pizza_sales VALUES (46, 'Hawaiian', 2, 74);
INSERT INTO pizza_sales VALUES (47, 'Veggie', 2, 99);
INSERT INTO pizza_sales VALUES (48, 'Margherita', 2, 73);
INSERT INTO pizza_sales VALUES (49, 'Pepperoni', 1, 50);
INSERT INTO pizza_sales VALUES (50, 'Hawaiian', 4, 96);
INSERT INTO pizza_sales VALUES (51, 'Margherita', 2, 22);
INSERT INTO pizza_sales VALUES (52, 'BBQ Chicken', 3, 13);
INSERT INTO pizza_sales VALUES (53, 'Veggie', 3, 54);
INSERT INTO pizza_sales VALUES (54, 'Margherita', 4, 43);
INSERT INTO pizza_sales VALUES (55, 'Margherita', 3, 2);
INSERT INTO pizza_sales VALUES (56, 'BBQ Chicken', 4, 46);
INSERT INTO pizza_sales VALUES (57, 'Veggie', 2, 57);
INSERT INTO pizza_sales VALUES (58, 'BBQ Chicken', 1, 55);
INSERT INTO pizza_sales VALUES (59, 'BBQ Chicken', 3, 41);
INSERT INTO pizza_sales VALUES (60, 'Hawaiian', 5, 71);
INSERT INTO pizza_sales VALUES (61, 'Hawaiian', 2, 85);
INSERT INTO pizza_sales VALUES (62, 'Pepperoni', 5, 19);
INSERT INTO pizza_sales VALUES (63, 'Hawaiian', 4, 80);
INSERT INTO pizza_sales VALUES (64, 'Pepperoni', 4, 17);
INSERT INTO pizza_sales VALUES (65, 'Margherita', 4, 99);
INSERT INTO pizza_sales VALUES (66, 'BBQ Chicken', 1, 57);
INSERT INTO pizza_sales VALUES (67, 'BBQ Chicken', 3, 35);
INSERT INTO pizza_sales VALUES (68, 'BBQ Chicken', 2, 50);
INSERT INTO pizza_sales VALUES (69, 'Margherita', 2, 91);
INSERT INTO pizza_sales VALUES (70, 'Pepperoni', 1, 62);
INSERT INTO pizza_sales VALUES (71, 'Margherita', 3, 90);
INSERT INTO pizza_sales VALUES (72, 'Pepperoni', 1, 53);
INSERT INTO pizza_sales VALUES (73, 'Pepperoni', 1, 86);
INSERT INTO pizza_sales VALUES (74, 'Veggie', 5, 75);
INSERT INTO pizza_sales VALUES (75, 'Hawaiian', 5, 83);
INSERT INTO pizza_sales VALUES (76, 'Hawaiian', 2, 82);
INSERT INTO pizza_sales VALUES (77, 'Hawaiian', 4, 51);
INSERT INTO pizza_sales VALUES (78, 'Veggie', 5, 43);
INSERT INTO pizza_sales VALUES (79, 'Margherita', 5, 36);
INSERT INTO pizza_sales VALUES (80, 'BBQ Chicken', 2, 30);
INSERT INTO pizza_sales VALUES (81, 'Pepperoni', 2, 43);
INSERT INTO pizza_sales VALUES (82, 'BBQ Chicken', 5, 65);
INSERT INTO pizza_sales VALUES (83, 'Pepperoni', 2, 70);
INSERT INTO pizza_sales VALUES (84, 'Margherita', 2, 81);
INSERT INTO pizza_sales VALUES (85, 'Margherita', 4, 75);
INSERT INTO pizza_sales VALUES (86, 'Hawaiian', 1, 15);
INSERT INTO pizza_sales VALUES (87, 'Pepperoni', 1, 57);
INSERT INTO pizza_sales VALUES (88, 'Hawaiian', 2, 34);
INSERT INTO pizza_sales VALUES (89, 'Pepperoni', 4, 25);
INSERT INTO pizza_sales VALUES (90, 'Hawaiian', 1, 73);
INSERT INTO pizza_sales VALUES (91, 'Veggie', 1, 63);
INSERT INTO pizza_sales VALUES (92, 'BBQ Chicken', 5, 86);
INSERT INTO pizza_sales VALUES (93, 'Margherita', 5, 25);
INSERT INTO pizza_sales VALUES (94, 'BBQ Chicken', 3, 25);
INSERT INTO pizza_sales VALUES (95, 'Veggie', 2, 25);
INSERT INTO pizza_sales VALUES (96, 'BBQ Chicken', 1, 18);
INSERT INTO pizza_sales VALUES (97, 'Margherita', 4, 88);
INSERT INTO pizza_sales VALUES (98, 'Veggie', 1, 42);
INSERT INTO pizza_sales VALUES (99, 'Veggie', 3, 80);
INSERT INTO pizza_sales VALUES (100, 'Veggie', 2, 45);

CREATE TABLE customers (
  customer_id INT,
  name VARCHAR(255),
  email VARCHAR(255),
  area_id INT
);

INSERT INTO customers VALUES (1, 'Savannah Gallegos', 'sergiokelley@schroeder.info', 17);
INSERT INTO customers VALUES (2, 'David Roberts', 'mlittle@gmail.com', 1);
INSERT INTO customers VALUES (3, 'April Scott DDS', 'miguelford@eaton-wilson.com', 2);
INSERT INTO customers VALUES (4, 'Brandon Foster', 'theodore00@phillips-delgado.biz', 19);
INSERT INTO customers VALUES (5, 'Heather Flynn', 'charlene44@yahoo.com', 11);
INSERT INTO customers VALUES (6, 'Tina Evans', 'lwood@yahoo.com', 14);
INSERT INTO customers VALUES (7, 'Eric Reed', 'scottjimenez@taylor-edwards.com', 9);
INSERT INTO customers VALUES (8, 'Megan Gray', 'comptonryan@foster.com', 2);
INSERT INTO customers VALUES (9, 'Molly Malone', 'gomezamy@perez.com', 19);
INSERT INTO customers VALUES (10, 'Lance Schroeder', 'james61@gmail.com', 20);
INSERT INTO customers VALUES (11, 'Joseph Morris', 'janet12@fuller.com', 17);
INSERT INTO customers VALUES (12, 'Melissa Moore', 'trivera@rangel-james.com', 19);
INSERT INTO customers VALUES (13, 'Adam Wilkins', 'sosasamantha@yahoo.com', 16);
INSERT INTO customers VALUES (14, 'Jason Montgomery', 'kennetholson@yahoo.com', 9);
INSERT INTO customers VALUES (15, 'Rachel Sullivan', 'ellisonalexander@hotmail.com', 1);
INSERT INTO customers VALUES (16, 'April Rodriguez', 'brandon86@lin.info', 4);
INSERT INTO customers VALUES (17, 'Keith Cline', 'qharrison@yahoo.com', 10);
INSERT INTO customers VALUES (18, 'Dr. Robert Miller', 'megan20@gmail.com', 4);
INSERT INTO customers VALUES (19, 'Donna Ponce', 'kelly15@graham-gray.net', 12);
INSERT INTO customers VALUES (20, 'Brandon Benton', 'kyle23@gmail.com', 4);
INSERT INTO customers VALUES (21, 'John Leach', 'johnsonkari@johnson.com', 5);
INSERT INTO customers VALUES (22, 'Mark Roberts', 'davidjohnson@campbell.net', 11);
INSERT INTO customers VALUES (23, 'Briana Lopez', 'davisjon@smith.info', 6);
INSERT INTO customers VALUES (24, 'Amanda Chandler', 'burchmadison@yahoo.com', 2);
INSERT INTO customers VALUES (25, 'Christopher Clayton', 'coxjoseph@cooley.biz', 2);
INSERT INTO customers VALUES (26, 'Cory Massey', 'smithscott@lucas.com', 4);
INSERT INTO customers VALUES (27, 'Sarah Perez', 'amywhitney@hotmail.com', 5);
INSERT INTO customers VALUES (28, 'Edgar Fitzgerald', 'ricejennifer@martin.com', 14);
INSERT INTO customers VALUES (29, 'Trevor Edwards', 'mschroeder@gmail.com', 9);
INSERT INTO customers VALUES (30, 'Alyssa Hale', 'curtis82@gmail.com', 15);
INSERT INTO customers VALUES (31, 'Riley Brown', 'bradley48@hotmail.com', 17);
INSERT INTO customers VALUES (32, 'Mrs. Sara Hatfield', 'lisadurham@young-levy.com', 3);
INSERT INTO customers VALUES (33, 'Michael Moore', 'aaron40@hotmail.com', 5);
INSERT INTO customers VALUES (34, 'Jeffrey Fuller', 'esmith@yahoo.com', 15);
INSERT INTO customers VALUES (35, 'Seth Brooks', 'tthomas@yahoo.com', 7);
INSERT INTO customers VALUES (36, 'Joshua Williams', 'wscott@gmail.com', 15);
INSERT INTO customers VALUES (37, 'Denise Ford', 'tylermurray@mcbride.info', 5);
INSERT INTO customers VALUES (38, 'Haley Cooper', 'samuel58@hotmail.com', 18);
INSERT INTO customers VALUES (39, 'Patrick Bentley', 'ofields@gmail.com', 2);
INSERT INTO customers VALUES (40, 'Eric Walker', 'youngkari@hotmail.com', 3);
INSERT INTO customers VALUES (41, 'Jose Farmer', 'vyoung@moore.com', 18);
INSERT INTO customers VALUES (42, 'Ashley Erickson', 'whitematthew@gmail.com', 3);
INSERT INTO customers VALUES (43, 'Phyllis Landry', 'diane17@hayes.org', 20);
INSERT INTO customers VALUES (44, 'Julie Armstrong', 'rosscarla@yahoo.com', 10);
INSERT INTO customers VALUES (45, 'Louis Salinas', 'susanking@gmail.com', 15);
INSERT INTO customers VALUES (46, 'Christopher Garza', 'dyerthomas@hotmail.com', 4);
INSERT INTO customers VALUES (47, 'Matthew Bowers', 'taylormaria@yahoo.com', 20);
INSERT INTO customers VALUES (48, 'Nicholas Fox', 'phillipsjennifer@hotmail.com', 5);
INSERT INTO customers VALUES (49, 'Angela Williams', 'vblevins@williams.net', 14);
INSERT INTO customers VALUES (50, 'William Gaines', 'robin79@vasquez.com', 11);
INSERT INTO customers VALUES (51, 'Linda Ortiz', 'howelljennifer@hampton.com', 2);
INSERT INTO customers VALUES (52, 'Laura Yu', 'kentpamela@mcdaniel.info', 12);
INSERT INTO customers VALUES (53, 'Patricia Nguyen', 'stephanie62@gmail.com', 3);
INSERT INTO customers VALUES (54, 'Ronald Wagner', 'qarmstrong@kemp.com', 4);
INSERT INTO customers VALUES (55, 'Jonathan Carter', 'bennettkyle@yahoo.com', 15);
INSERT INTO customers VALUES (56, 'Carmen Harris', 'steven41@morton.com', 2);
INSERT INTO customers VALUES (57, 'Christian Fuller', 'sethsmith@hotmail.com', 14);
INSERT INTO customers VALUES (58, 'Bryce Dunlap', 'kellymartin@gmail.com', 2);
INSERT INTO customers VALUES (59, 'Denise Jordan', 'michellesharp@yahoo.com', 4);
INSERT INTO customers VALUES (60, 'Laura Wilson', 'adam59@dennis-acosta.com', 5);
INSERT INTO customers VALUES (61, 'Alexandria Werner', 'cooperwilliam@lee-le.biz', 18);
INSERT INTO customers VALUES (62, 'Steve Kelly', 'lisasantiago@yahoo.com', 20);
INSERT INTO customers VALUES (63, 'Sandra Hayes', 'ricejoseph@johnson-mckay.com', 9);
INSERT INTO customers VALUES (64, 'Rebecca Fox', 'matthewellison@hotmail.com', 16);
INSERT INTO customers VALUES (65, 'Larry Williams', 'charlesspencer@george.com', 12);
INSERT INTO customers VALUES (66, 'Ryan Green', 'donnacarter@gallegos.biz', 18);
INSERT INTO customers VALUES (67, 'Brittney Mccoy', 'luisrivera@yahoo.com', 19);
INSERT INTO customers VALUES (68, 'Christine Jackson', 'ronaldchavez@hotmail.com', 11);
INSERT INTO customers VALUES (69, 'Virginia Foster', 'pearsonlisa@sanchez.com', 10);
INSERT INTO customers VALUES (70, 'Ashley Frank', 'pamelamueller@hotmail.com', 1);
INSERT INTO customers VALUES (71, 'Catherine Brown', 'bgardner@hotmail.com', 18);
INSERT INTO customers VALUES (72, 'Linda Hernandez', 'steven06@gmail.com', 17);
INSERT INTO customers VALUES (73, 'Theresa Wood', 'sullivanalexander@white.com', 9);
INSERT INTO customers VALUES (74, 'Heather Jones', 'hmiller@moore.info', 20);
INSERT INTO customers VALUES (75, 'Justin Rodriguez', 'garciajennifer@gmail.com', 6);
INSERT INTO customers VALUES (76, 'Anthony Little', 'millscolin@hotmail.com', 13);
INSERT INTO customers VALUES (77, 'Ronald Valenzuela', 'ijohnson@gmail.com', 12);
INSERT INTO customers VALUES (78, 'Calvin Craig', 'brianamorales@schmidt-gomez.org', 1);
INSERT INTO customers VALUES (79, 'Dylan Page', 'karenmccoy@yahoo.com', 17);
INSERT INTO customers VALUES (80, 'Miss Jessica Mcpherson', 'amanda73@hotmail.com', 4);
INSERT INTO customers VALUES (81, 'Mrs. Emily Holmes', 'yrobertson@casey.biz', 18);
INSERT INTO customers VALUES (82, 'Melissa Andersen', 'turnerernest@gmail.com', 8);
INSERT INTO customers VALUES (83, 'Robert Dean', 'burnsalexis@gmail.com', 9);
INSERT INTO customers VALUES (84, 'Jacob Owens', 'theodore32@clark.com', 1);
INSERT INTO customers VALUES (85, 'Allen Huber', 'johnnybanks@hendricks.biz', 4);
INSERT INTO customers VALUES (86, 'Tammy Lopez', 'mark77@wilson.biz', 3);
INSERT INTO customers VALUES (87, 'Brett Cannon', 'kimmiller@hotmail.com', 11);
INSERT INTO customers VALUES (88, 'Annette Santana', 'underwoodkristy@yahoo.com', 3);
INSERT INTO customers VALUES (89, 'Jose Oconnor', 'wallacechad@armstrong.com', 11);
INSERT INTO customers VALUES (90, 'Wendy Smith', 'jason91@griffin.com', 9);
INSERT INTO customers VALUES (91, 'James Moore', 'meganreid@gmail.com', 14);
INSERT INTO customers VALUES (92, 'Zachary Morris', 'bowenerik@thomas-johnson.biz', 6);
INSERT INTO customers VALUES (93, 'Robert Mitchell', 'rangeljeffery@rivera.com', 11);
INSERT INTO customers VALUES (94, 'David Stewart', 'greenestephanie@wyatt.org', 15);
INSERT INTO customers VALUES (95, 'Samantha Malone', 'michelle97@dominguez.biz', 16);
INSERT INTO customers VALUES (96, 'Kimberly Spencer', 'jenniferpierce@williams.com', 10);
INSERT INTO customers VALUES (97, 'Sandy Lopez', 'sheltonbrenda@johnson.net', 8);
INSERT INTO customers VALUES (98, 'Brandy Lopez', 'timothy64@gmail.com', 15);
INSERT INTO customers VALUES (99, 'Johnny Gray', 'xhess@hotmail.com', 9);
INSERT INTO customers VALUES (100, 'Phillip Walker', 'mercergary@gmail.com', 5);

CREATE TABLE area (
  area_id INT,
  area_name VARCHAR(255),
  zipcode VARCHAR(255),
  delivery_zone VARCHAR(255)
);

INSERT INTO area VALUES (1, 'South Maryton', '73149', 'Zone C');
INSERT INTO area VALUES (2, 'Phelpsshire', '67089', 'Zone C');
INSERT INTO area VALUES (3, 'Suzannemouth', '62159', 'Zone B');
INSERT INTO area VALUES (4, 'Gutierrezton', '55161', 'Zone B');
INSERT INTO area VALUES (5, 'Port Amandaton', '97344', 'Zone A');
INSERT INTO area VALUES (6, 'Lake Shaun', '64488', 'Zone C');
INSERT INTO area VALUES (7, 'Jessicashire', '76572', 'Zone A');
INSERT INTO area VALUES (8, 'Johnstad', '99696', 'Zone A');
INSERT INTO area VALUES (9, 'North Michael', '30474', 'Zone B');
INSERT INTO area VALUES (10, 'Lake Kathleen', '49110', 'Zone B');
INSERT INTO area VALUES (11, 'Mendozaland', '91632', 'Zone B');
INSERT INTO area VALUES (12, 'Port Garrett', '17393', 'Zone C');
INSERT INTO area VALUES (13, 'Olsonberg', '31028', 'Zone C');
INSERT INTO area VALUES (14, 'Sarahton', '56466', 'Zone B');
INSERT INTO area VALUES (15, 'Ramoshaven', '90548', 'Zone C');
INSERT INTO area VALUES (16, 'Harmonfort', '36352', 'Zone C');
INSERT INTO area VALUES (17, 'Port Carlos', '93552', 'Zone A');
INSERT INTO area VALUES (18, 'Vincentfurt', '92060', 'Zone B');
INSERT INTO area VALUES (19, 'Manningborough', '65654', 'Zone A');
INSERT INTO area VALUES (20, 'Thomasburgh', '73240', 'Zone A');

CREATE TABLE revenue (
  sale_id INT,
  amount FLOAT,
  payment_method VARCHAR(255),
  date VARCHAR(255)
);

INSERT INTO revenue VALUES (1, 12.17, 'Online', '2025-03-01');
INSERT INTO revenue VALUES (2, 43.78, 'Cash', '2025-04-18');
INSERT INTO revenue VALUES (3, 41.27, 'Online', '2025-03-02');
INSERT INTO revenue VALUES (4, 33.44, 'Cash', '2025-01-19');
INSERT INTO revenue VALUES (5, 36.75, 'Cash', '2025-04-12');
INSERT INTO revenue VALUES (6, 38.96, 'Online', '2025-01-14');
INSERT INTO revenue VALUES (7, 34.23, 'Cash', '2025-02-17');
INSERT INTO revenue VALUES (8, 24.76, 'Credit Card', '2025-01-04');
INSERT INTO revenue VALUES (9, 19.64, 'Cash', '2025-04-23');
INSERT INTO revenue VALUES (10, 40.18, 'Credit Card', '2025-01-01');
INSERT INTO revenue VALUES (11, 29.88, 'Cash', '2025-02-10');
INSERT INTO revenue VALUES (12, 38.7, 'Credit Card', '2025-02-26');
INSERT INTO revenue VALUES (13, 17.68, 'Online', '2025-01-28');
INSERT INTO revenue VALUES (14, 15.59, 'Credit Card', '2025-03-03');
INSERT INTO revenue VALUES (15, 34.75, 'Credit Card', '2025-02-07');
INSERT INTO revenue VALUES (16, 44.72, 'Online', '2025-02-10');
INSERT INTO revenue VALUES (17, 21.36, 'Credit Card', '2025-01-25');
INSERT INTO revenue VALUES (18, 49.39, 'Cash', '2025-01-20');
INSERT INTO revenue VALUES (19, 39.35, 'Cash', '2025-01-17');
INSERT INTO revenue VALUES (20, 23.49, 'Online', '2025-04-17');
INSERT INTO revenue VALUES (21, 42.32, 'Online', '2025-04-14');
INSERT INTO revenue VALUES (22, 26.86, 'Cash', '2025-02-05');
INSERT INTO revenue VALUES (23, 28.68, 'Credit Card', '2025-04-07');
INSERT INTO revenue VALUES (24, 31.31, 'Online', '2025-04-13');
INSERT INTO revenue VALUES (25, 26.68, 'Cash', '2025-02-14');
INSERT INTO revenue VALUES (26, 19.83, 'Credit Card', '2025-03-07');
INSERT INTO revenue VALUES (27, 27.46, 'Cash', '2025-01-13');
INSERT INTO revenue VALUES (28, 36.12, 'Cash', '2025-02-07');
INSERT INTO revenue VALUES (29, 46.12, 'Credit Card', '2025-02-20');
INSERT INTO revenue VALUES (30, 45.02, 'Online', '2025-01-22');
INSERT INTO revenue VALUES (31, 31.35, 'Online', '2025-04-06');
INSERT INTO revenue VALUES (32, 14.08, 'Online', '2025-01-09');
INSERT INTO revenue VALUES (33, 49.47, 'Cash', '2025-01-08');
INSERT INTO revenue VALUES (34, 31.34, 'Credit Card', '2025-02-12');
INSERT INTO revenue VALUES (35, 17.52, 'Cash', '2025-04-13');
INSERT INTO revenue VALUES (36, 24.17, 'Online', '2025-04-06');
INSERT INTO revenue VALUES (37, 19.0, 'Credit Card', '2025-01-11');
INSERT INTO revenue VALUES (38, 20.19, 'Cash', '2025-03-30');
INSERT INTO revenue VALUES (39, 42.11, 'Online', '2025-01-28');
INSERT INTO revenue VALUES (40, 32.73, 'Online', '2025-02-09');
INSERT INTO revenue VALUES (41, 35.98, 'Cash', '2025-02-15');
INSERT INTO revenue VALUES (42, 34.78, 'Online', '2025-02-01');
INSERT INTO revenue VALUES (43, 27.13, 'Online', '2025-04-13');
INSERT INTO revenue VALUES (44, 41.49, 'Online', '2025-01-05');
INSERT INTO revenue VALUES (45, 33.46, 'Credit Card', '2025-03-26');
INSERT INTO revenue VALUES (46, 11.78, 'Cash', '2025-04-13');
INSERT INTO revenue VALUES (47, 16.88, 'Cash', '2025-02-13');
INSERT INTO revenue VALUES (48, 47.06, 'Cash', '2025-03-14');
INSERT INTO revenue VALUES (49, 45.29, 'Online', '2025-04-09');
INSERT INTO revenue VALUES (50, 14.83, 'Cash', '2025-01-04');
INSERT INTO revenue VALUES (51, 19.62, 'Online', '2025-04-18');
INSERT INTO revenue VALUES (52, 23.84, 'Credit Card', '2025-04-14');
INSERT INTO revenue VALUES (53, 28.13, 'Credit Card', '2025-01-23');
INSERT INTO revenue VALUES (54, 27.67, 'Online', '2025-02-15');
INSERT INTO revenue VALUES (55, 27.53, 'Credit Card', '2025-01-27');
INSERT INTO revenue VALUES (56, 24.36, 'Online', '2025-01-17');
INSERT INTO revenue VALUES (57, 33.02, 'Online', '2025-01-14');
INSERT INTO revenue VALUES (58, 12.27, 'Credit Card', '2025-01-26');
INSERT INTO revenue VALUES (59, 39.85, 'Cash', '2025-01-20');
INSERT INTO revenue VALUES (60, 31.64, 'Cash', '2025-03-04');
INSERT INTO revenue VALUES (61, 41.55, 'Cash', '2025-04-10');
INSERT INTO revenue VALUES (62, 38.63, 'Cash', '2025-03-06');
INSERT INTO revenue VALUES (63, 36.92, 'Cash', '2025-04-13');
INSERT INTO revenue VALUES (64, 27.78, 'Credit Card', '2025-03-31');
INSERT INTO revenue VALUES (65, 37.35, 'Cash', '2025-02-13');
INSERT INTO revenue VALUES (66, 32.32, 'Online', '2025-03-05');
INSERT INTO revenue VALUES (67, 37.51, 'Cash', '2025-04-13');
INSERT INTO revenue VALUES (68, 27.63, 'Credit Card', '2025-04-14');
INSERT INTO revenue VALUES (69, 29.94, 'Cash', '2025-01-22');
INSERT INTO revenue VALUES (70, 32.63, 'Cash', '2025-01-27');
INSERT INTO revenue VALUES (71, 47.8, 'Cash', '2025-02-08');
INSERT INTO revenue VALUES (72, 15.94, 'Credit Card', '2025-01-08');
INSERT INTO revenue VALUES (73, 20.7, 'Cash', '2025-03-13');
INSERT INTO revenue VALUES (74, 20.0, 'Credit Card', '2025-01-19');
INSERT INTO revenue VALUES (75, 14.55, 'Cash', '2025-03-12');
INSERT INTO revenue VALUES (76, 19.65, 'Cash', '2025-01-02');
INSERT INTO revenue VALUES (77, 21.49, 'Credit Card', '2025-01-22');
INSERT INTO revenue VALUES (78, 36.61, 'Online', '2025-02-25');
INSERT INTO revenue VALUES (79, 44.01, 'Credit Card', '2025-02-19');
INSERT INTO revenue VALUES (80, 22.22, 'Credit Card', '2025-01-09');
INSERT INTO revenue VALUES (81, 39.0, 'Cash', '2025-01-08');
INSERT INTO revenue VALUES (82, 20.13, 'Online', '2025-01-31');
INSERT INTO revenue VALUES (83, 36.95, 'Cash', '2025-01-18');
INSERT INTO revenue VALUES (84, 20.83, 'Cash', '2025-01-28');
INSERT INTO revenue VALUES (85, 18.64, 'Credit Card', '2025-03-19');
INSERT INTO revenue VALUES (86, 16.3, 'Online', '2025-01-03');
INSERT INTO revenue VALUES (87, 32.63, 'Credit Card', '2025-02-16');
INSERT INTO revenue VALUES (88, 25.18, 'Cash', '2025-02-09');
INSERT INTO revenue VALUES (89, 21.21, 'Credit Card', '2025-02-05');
INSERT INTO revenue VALUES (90, 48.48, 'Credit Card', '2025-03-20');
INSERT INTO revenue VALUES (91, 13.31, 'Online', '2025-03-02');
INSERT INTO revenue VALUES (92, 39.5, 'Online', '2025-02-03');
INSERT INTO revenue VALUES (93, 13.65, 'Cash', '2025-03-04');
INSERT INTO revenue VALUES (94, 19.96, 'Online', '2025-03-04');
INSERT INTO revenue VALUES (95, 13.7, 'Cash', '2025-04-22');
INSERT INTO revenue VALUES (96, 18.89, 'Online', '2025-04-14');
INSERT INTO revenue VALUES (97, 38.4, 'Credit Card', '2025-04-02');
INSERT INTO revenue VALUES (98, 41.24, 'Online', '2025-03-25');
INSERT INTO revenue VALUES (99, 40.78, 'Credit Card', '2025-02-15');
INSERT INTO revenue VALUES (100, 24.4, 'Credit Card', '2025-01-24');
